{
    "yoga": {
        "first": {
            "duration": 300,
            "t": {
                "reps": 1,
                "start": {
                    "duration": 3,
                    "angles": {
                        "(16, 14, 12)": 182.42795599820096,
                        "(13, 11, 23)": 95.93489056013924,
                        "(14, 12, 24)": 95.48538303418746,
                        "(15, 13, 11)": 178.338282680707,
                        "(12, 24, 26)": 190.19911002046285,
                        "(11, 23, 25)": 173.28495262521562,
                        "(24, 26, 28)": 179.71584977759298,
                        "(23, 25, 27)": 177.8409708787981
                    }
                },
                "end": {
                    "duration": 3,
                    "angles": {}
                }
            },
            "warrior": {
                "reps": 1,
                "start": {
                    "duration": 3,
                    "angles": {
                        "(16, 14, 12)": 167.34222797628456,
                        "(13, 11, 23)": 110.35999514999578,
                        "(14, 12, 24)": 81.32557386076728,
                        "(15, 13, 11)": 184.3283632689422,
                        "(12, 24, 26)": 229.4366963999864,
                        "(11, 23, 25)": 89.53210236493715,
                        "(24, 26, 28)": 173.7831294820505,
                        "(23, 25, 27)": 250.15653712414553
                    }
                },
                "end": {
                    "duration": 3,
                    "angles": {}
                }
            },
            "tree": {
                "reps": 1,
                "start": {
                    "duration": 3,
                    "angles": {
                        "(16, 14, 12)": 97.78773771241266,
                        "(13, 11, 23)": 168.01831863786404,
                        "(14, 12, 24)": 189.04548266588242,
                        "(15, 13, 11)": 268.9803163531397,
                        "(12, 24, 26)": 259.29223161709837,
                        "(11, 23, 25)": 168.72536189554918,
                        "(24, 26, 28)": 41.25978099732936,
                        "(23, 25, 27)": 187.6169576111832
                    }
                },
                "end": {
                    "duration": 3,
                    "angles": {}
                }
            }
        }
    },
    "workout": {
        "first": {
            "duration": 300,
            "arms": {
                "reps": 3,
                "start": {
                    "duration": 0,
                    "angles": {
                        "(16, 14, 12)": 167.18015547022867,
                        "(13, 11, 23)": 4.801788493746932,
                        "(14, 12, 24)": 2.7381153884372598,
                        "(15, 13, 11)": 151.33991495262586,
                        "(12, 24, 26)": 193.44727868636662,
                        "(11, 23, 25)": 192.4657673402352,
                        "(24, 26, 28)": 184.54776431074674,
                        "(23, 25, 27)": 178.9072449537678
                    }
                },
                "end": {
                    "duration": 0,
                    "angles": {
                        "(16, 14, 12)": 45.94679607620392,
                        "(13, 11, 23)": 12.537550383751164,
                        "(14, 12, 24)": 1.2572968810271763,
                        "(15, 13, 11)": 36.885079921559615,
                        "(12, 24, 26)": 195.4458038767779,
                        "(11, 23, 25)": 186.18381342294413,
                        "(24, 26, 28)": 180.1133478960156,
                        "(23, 25, 27)": 177.69121418235164
                    }
                }
            },
            "gym": {
                "reps": 3,
                "start": {
                    "duration": 0,
                    "angles": {
                        "(16, 14, 12)": 162.2839283671854,
                        "(13, 11, 23)": 63.395514577561286,
                        "(14, 12, 24)": 75.51558358718528,
                        "(15, 13, 11)": 144.97857549482654,
                        "(12, 24, 26)": 170.01755837566242,
                        "(11, 23, 25)": 168.37651247761303,
                        "(24, 26, 28)": 179.75211676983707,
                        "(23, 25, 27)": 183.08719543461632
                    }
                },
                "end": {
                    "duration": 0,
                    "angles": {
                        "(16, 14, 12)": 68.0312108684602,
                        "(13, 11, 23)": 14.74956246042175,
                        "(14, 12, 24)": 351.14421673072945,
                        "(15, 13, 11)": 45.43323547302967,
                        "(12, 24, 26)": 186.22895621337392,
                        "(11, 23, 25)": 176.3979908516017,
                        "(24, 26, 28)": 179.06793005657613,
                        "(23, 25, 27)": 182.10095246963286
                    }
                }
            },
            "legs": {
                "reps": 3,
                "start": {
                    "duration": 0,
                    "angles": {
                        "(16, 14, 12)": 173.27001319148528,
                        "(13, 11, 23)": 78.5183939364372,
                        "(14, 12, 24)": 78.85715466977945,
                        "(15, 13, 11)": 177.9848275658294,
                        "(12, 24, 26)": 189.33794546430505,
                        "(11, 23, 25)": 192.55524987503364,
                        "(24, 26, 28)": 183.0220996768515,
                        "(23, 25, 27)": 183.53363216438942
                    }
                },
                "end": {
                    "duration": 0,
                    "angles": {
                        "(16, 14, 12)": 179.98129182213827,
                        "(13, 11, 23)": 132.7670507693061,
                        "(14, 12, 24)": 134.09869867196997,
                        "(15, 13, 11)": 186.4017194435723,
                        "(12, 24, 26)": 65.44887476638245,
                        "(11, 23, 25)": 62.32615107264406,
                        "(24, 26, 28)": 292.334841522027,
                        "(23, 25, 27)": 294.00876252223236
                    }
                }
            }
        }
    }
}