{
    "t": {
        "start": {
            "orientation": {
                "start_p": {
                    "x": 0.469773530960083,
                    "y": 0.48634323477745056,
                    "z": -0.02497435361146927
                },
                "end_p": {
                    "x": 0.5366258025169373,
                    "y": 0.4857393503189087,
                    "z": 0.024572348222136497
                },
                "ang_ratio": 0.9197003247501447
            },
            "pivots": {
                "left": {
                    "x": 0.7505369186401367,
                    "y": 0.2951951324939728,
                    "z": -0.22332528233528137
                },
                "right": {
                    "x": 0.25394272804260254,
                    "y": 0.29367196559906006,
                    "z": -0.41652995347976685
                }
            },
            "angles": {
                "(16, 14, 12)": 182.42795599820096,
                "(13, 11, 23)": 95.93489056013924,
                "(14, 12, 24)": 95.48538303418746,
                "(15, 13, 11)": 178.338282680707,
                "(12, 24, 26)": 190.19911002046285,
                "(11, 23, 25)": 173.28495262521562,
                "(24, 26, 28)": 179.71584977759298,
                "(23, 25, 27)": 177.8409708787981
            }
        },
        "duration": 3
    },
    "warrior": {
        "start": {
            "orientation": {
                "start_p": {
                    "x": 0.43427231907844543,
                    "y": 0.6149485111236572,
                    "z": -0.06932729482650757
                },
                "end_p": {
                    "x": 0.5150807499885559,
                    "y": 0.6186602115631104,
                    "z": 0.069091796875
                },
                "ang_ratio": 0.8856097199257619
            },
            "pivots": {
                "left": {
                    "x": 0.7688282132148743,
                    "y": 0.25087758898735046,
                    "z": -0.0661424845457077
                },
                "right": {
                    "x": 0.20092618465423584,
                    "y": 0.31808921694755554,
                    "z": -0.3392069935798645
                }
            },
            "angles": {
                "(16, 14, 12)": 167.34222797628456,
                "(13, 11, 23)": 110.35999514999578,
                "(14, 12, 24)": 81.32557386076728,
                "(15, 13, 11)": 184.3283632689422,
                "(12, 24, 26)": 229.4366963999864,
                "(11, 23, 25)": 89.53210236493715,
                "(24, 26, 28)": 173.7831294820505,
                "(23, 25, 27)": 250.15653712414553
            }
        },
        "duration": 3
    },
    "tree": {
        "start": {
            "orientation": {
                "start_p": {
                    "x": 0.4483482539653778,
                    "y": 0.5121570229530334,
                    "z": -0.01200938317924738
                },
                "end_p": {
                    "x": 0.5543922781944275,
                    "y": 0.525529682636261,
                    "z": 0.011796426959335804
                },
                "ang_ratio": 0.8854166678751275
            },
            "pivots": {
                "left": {
                    "x": 0.5225476622581482,
                    "y": 0.135191410779953,
                    "z": -0.7394945025444031
                },
                "right": {
                    "x": 0.49987295269966125,
                    "y": 0.1330820620059967,
                    "z": -0.6927005052566528
                }
            },
            "angles": {
                "(16, 14, 12)": 97.78773771241266,
                "(13, 11, 23)": 168.01831863786404,
                "(14, 12, 24)": 189.04548266588242,
                "(15, 13, 11)": 268.9803163531397,
                "(12, 24, 26)": 259.29223161709837,
                "(11, 23, 25)": 168.72536189554918,
                "(24, 26, 28)": 41.25978099732936,
                "(23, 25, 27)": 187.6169576111832
            }
        },
        "duration": 3
    }
}